{
  "request":{
    "name":"PublishAppService",
    "correlationID":52,
    "parameters":{
      "appServiceManifest":{
        "allowAppConsumers":true,
        "serviceIcon": "test",
        "rpcSpecVersion":{
          "majorVersion":5,
          "minorVersion":1,
          "patchVersion":0},
        "serviceName":"Mobile_MEDIA",
        "serviceType":"MEDIA",
        "handledRPCs":[39,41]
      }
    }
  },
  "response":{
    "name":"PublishAppServiceResponse",
    "correlationID":52,
    "parameters":{
      "appServiceRecord": {
        "serviceID": "test",
        "serviceManifest": {
          "allowAppConsumers": true,
          "rpcSpecVersion": {
            "majorVersion": 5,
            "minorVersion": 1,
            "patchVersion": 0
          },
          "serviceName": "Mobile_MEDIA",
          "serviceType": "MEDIA",
          "serviceIcon": "test",
          "handledRPCs": [39,41]
        },
        "servicePublished": true,
        "serviceActive":true
      }
    }
  }
}