{
  "request":{
    "name":"RegisterAppInterface",
    "correlationID":141,
    "parameters":{
      "ttsName":[
        {
          "text":"Phrase 1",
          "type":"TEXT"
        },
        {
          "text":"Phrase 2",
          "type":"TEXT"
        }
      ],
      "hmiDisplayLanguageDesired":"EN-US",
      "appHMIType":[
        "SOCIAL",
        "MEDIA"
      ],
      "appID":"123e4567e8",
      "fullAppID":"123e4567-e89b-12d3-a456-426655440000",
      "languageDesired":"PT-BR",
      "deviceInfo":{
        "hardware":"My Hardware",
        "firmwareRev":"My Firmware Revision",
        "os":"Windows",
        "osVersion":"95",
        "carrier":"nobody",
        "maxNumberRFCOMMPorts":2
      },
      "appName":"Dumb app",
      "ngnMediaScreenAppName":"DA",
      "isMediaApplication":true,
      "dayColorScheme": {
        "backgroundColor": {
          "blue": 9,
          "green": 8,
          "red": 7
        },
        "secondaryColor": {
          "blue": 6,
          "green": 5,
          "red": 4
        },
        "primaryColor": {
          "blue": 3,
          "green": 2,
          "red": 1
        }
      },
      "nightColorScheme": {
        "backgroundColor": {
          "blue": 18,
          "green": 17,
          "red": 16
        },
        "secondaryColor": {
          "blue": 15,
          "green": 14,
          "red": 13
        },
        "primaryColor": {
          "blue": 12,
          "green": 11,
          "red": 10
        }
      },
      "vrSynonyms":[
        "dumb",
        "really dumb app"
      ],
      "syncMsgVersion":{
        "majorVersion":3,
        "minorVersion":64
      },
      "hashID":"y534htz"
    }
  },
  "response":{
    "name":"RegisterAppInterfaceResponse",
    "correlationID":142,
    "parameters":{
      "vehicleType":{
        "make":"Chrysler",
        "model":"Crossfire",
        "modelYear":"1820",
        "trim":"Gold"
      },
      "speechCapabilities":[
        "SAPI_PHONEMES",
        "TEXT",
        "PRE_RECORDED"
      ],
      "vrCapabilities":[
        "Text"
      ],
      "audioPassThruCapabilities":[
        {
          "samplingRate":"16KHZ",
          "audioType":"PCM",
          "bitsPerSample":"16_BIT"
        },
        {
          "samplingRate":"44KHZ",
          "audioType":"PCM",
          "bitsPerSample":"8_BIT"
        }
      ],
      "hmiZoneCapabilities":[
        "FRONT",
        "BACK"
      ],
      "prerecordedSpeech":[
        "HELP_JINGLE",
        "LISTEN_JINGLE",
        "NEGATIVE_JINGLE"
      ],
      "supportedDiagModes":[
        324,
        2356,
        865,
        211,
        8098
      ],
      "syncMsgVersion":{
        "majorVersion":3,
        "minorVersion":64
      },
      "language":"EN-US",
      "buttonCapabilities":[
        {
          "name":"SEEKRIGHT",
          "shortPressAvailable":true,
          "longPressAvailable":false,
          "upDownAvailable":true
        },
        {
          "name":"TUNEDOWN",
          "shortPressAvailable":false,
          "longPressAvailable":true,
          "upDownAvailable":false
        }
      ],
      "displayCapabilities":{
        "displayType":"TYPE2",
        "mediaClockFormats":[
          "CLOCKTEXT3",
          "CLOCK1"
        ],
        "textFields":[
          {
            "width":480,
            "characterSet":"TYPE5SET",
            "rows":360,
            "name":"alertText2"
          },
          {
            "width":1980,
            "characterSet":"CID2SET",
            "rows":960,
            "name":"scrollableMessageBody"
          },
        ],
        "imageFields":[
          {
            "imageTypeSupported":[
              "GRAPHIC_JPEG",
              "AUDIO_AAC"
            ],
            "imageResolution":{
              "resolutionWidth":640,
              "resolutionHeight":480
            },
            "name":"menuIcon"
          },
          {
            "imageTypeSupported":[
              "BINARY",
              "AUDIO_WAVE"
            ],
            "imageResolution":{
              "resolutionWidth":320,
              "resolutionHeight":240
            },
            "name":"graphic"
          }
        ],
        "graphicSupported":true,
        "screenParams":{
          "resolution":{
            "resolutionWidth":1200,
            "resolutionHeight":800
          },
          "touchEventAvailable":{
            "pressAvailable":true,
            "multiTouchAvailable":false,
            "doublePressAvailable":true
          }
        },
        "templatesAvailable":[
          "Template 1",
          "Template 2",
          "Template 3"
        ],
        "numCustomPresetsAvailable":5
      },
      "hmiDisplayLanguage":"ES-ES",
      "softButtonCapabilities":[
        {
          "imageSupported":false,
          "shortPressAvailable":true,
          "longPressAvailable":false,
          "upDownAvailable":true
        },
        {
          "imageSupported":true,
          "shortPressAvailable":false,
          "longPressAvailable":true,
          "upDownAvailable":false
        }
      ],
      "presetBankCapabilities":{
        "OnScreenPresetsAvailable":false
      },
      "bulkData":[
        0,
        1,
        2
      ],
      "iconResumed":true
    }
  }
}