{
  "request":{
    "name":"ScrollableMessage",
    "correlationID":145,
    "parameters":{
      "scrollableMessageBody":"Sample body text",
      "timeout":1000,
      "softButtons":[
        {
          "isHighlighted":true,
          "softButtonID":6,
          "systemAction":"STEAL_FOCUS",
          "text":"Button 1",
          "type":"IMAGE",
          "image":{
            "value":"image.png",
            "imageType":"STATIC"
          }
        },
        {
          "isHighlighted":false,
          "softButtonID":3,
          "systemAction":"DEFAULT_ACTION",
          "text":"Button 2",
          "type":"BOTH",
          "image":{
            "value":"image.png",
            "imageType":"DYNAMIC"
          }
        }
      ]
    }
  },
  "response":{
    "name":"ScrollableMessageResponse",
    "correlationID":146
  }
}