{
  "request":{
    "name":"SetDisplayLayout",
    "correlationID":149,
    "parameters":{
      "displayLayout":"someDisplayLayout",
      "dayColorScheme": {
        "backgroundColor": {
          "blue": 9,
          "green": 8,
          "red": 7
        },
        "secondaryColor": {
          "blue": 6,
          "green": 5,
          "red": 4
        },
        "primaryColor": {
          "blue": 3,
          "green": 2,
          "red": 1
        }
      },
      "nightColorScheme": {
        "backgroundColor": {
          "blue": 18,
          "green": 17,
          "red": 16
        },
        "secondaryColor": {
          "blue": 15,
          "green": 14,
          "red": 13
        },
        "primaryColor": {
          "blue": 12,
          "green": 11,
          "red": 10
        }
      }
    }
  },
  "response":{
    "name":"SetDisplayLayoutResponse",
    "correlationID":150,
    "parameters":{
      "buttonCapabilities":[
        {
          "name":"SEEKRIGHT",
          "shortPressAvailable":true,
          "longPressAvailable":false,
          "upDownAvailable":true
        },
        {
          "name":"TUNEDOWN",
          "shortPressAvailable":false,
          "longPressAvailable":true,
          "upDownAvailable":false
        }
      ],
      "displayCapabilities":{
        "displayType":"TYPE2",
        "mediaClockFormats":[
          "CLOCKTEXT3",
          "CLOCK1"
        ],
        "textFields":[
          {
            "width":480,
            "characterSet":"TYPE5SET",
            "rows":360,
            "name":"alertText2"
          },
          {
            "width":1980,
            "characterSet":"CID2SET",
            "rows":960,
            "name":"scrollableMessageBody"
          },
        ],
        "imageFields":[
          {
            "imageTypeSupported":[
              "GRAPHIC_JPEG",
              "AUDIO_AAC"
            ],
            "imageResolution":{
              "resolutionWidth":640,
              "resolutionHeight":480
            },
            "name":"menuIcon"
          },
          {
            "imageTypeSupported":[
              "BINARY",
              "AUDIO_WAVE"
            ],
            "imageResolution":{
              "resolutionWidth":320,
              "resolutionHeight":240
            },
            "name":"graphic"
          }
        ],
        "graphicSupported":true,
        "screenParams":{
          "resolution":{
            "resolutionWidth":1200,
            "resolutionHeight":800
          },
          "touchEventAvailable":{
            "pressAvailable":true,
            "multiTouchAvailable":false,
            "doublePressAvailable":true
          }
        },
        "templatesAvailable":[
          "Template 1",
          "Template 2",
          "Template 3"
        ],
        "numCustomPresetsAvailable":5
      },
      "softButtonCapabilities":[
        {
          "imageSupported":false,
          "shortPressAvailable":true,
          "longPressAvailable":false,
          "upDownAvailable":true
        },
        {
          "imageSupported":true,
          "shortPressAvailable":false,
          "longPressAvailable":true,
          "upDownAvailable":false
        }
      ],
      "presetBankCapabilities":{
        "OnScreenPresetsAvailable":false
      }
    }
  }
}