{
  "request":{
    "name":"SetInteriorVehicleData",
    "correlationID":126,
    "parameters":{
      "moduleData":{
        "moduleType":"CLIMATE",
        "climateControlData":{
          "circulateAirEnable":true,
          "ventilationMode":"BOTH",
          "acEnable":true,
          "currentTemperature":{
            "unit":"CELSIUS",
            "value":100.0
          },
          "acMaxEnable":true,
          "desiredTemperature":{
            "unit":"CELSIUS",
            "value":100.0
          },
          "dualModeEnable":true,
          "autoModeEnable":true,
          "fanSpeed":100,
          "defrostZone":"ALL"
        }
      }
    }
  },
  "response":{
    "name":"SetInteriorVehicleDataResponse",
    "correlationID":127,
    "parameters":{
      "moduleData":{
        "moduleType":"CLIMATE",
        "climateControlData":{
          "circulateAirEnable":true,
          "ventilationMode":"BOTH",
          "acEnable":true,
          "currentTemperature":{
            "unit":"CELSIUS",
            "value":100.0
          },
          "acMaxEnable":true,
          "desiredTemperature":{
            "unit":"CELSIUS",
            "value":100.0
          },
          "dualModeEnable":true,
          "autoModeEnable":true,
          "fanSpeed":100,
          "defrostZone":"ALL"
        }
      }
    }
  }
}