{
  "request":{
    "name":"UpdateTurnList",
    "correlationID":192,
    "parameters":{
      "softButtons":[
        {
          "isHighlighted":true,
          "softButtonID":6,
          "systemAction":"STEAL_FOCUS",
          "text":"Button 1",
          "type":"IMAGE",
          "image":{
            "value":"image.png",
            "imageType":"STATIC"
          }
        },
        {
          "isHighlighted":false,
          "softButtonID":3,
          "systemAction":"DEFAULT_ACTION",
          "text":"Button 2",
          "type":"BOTH",
          "image":{
            "value":"image.png",
            "imageType":"DYNAMIC"
          }
        }
      ],
      "turnList":[
        {
          "navigationText":"nav text 1",
          "turnIcon":{
            "value":"image.png",
            "imageType":"DYNAMIC"
          }
        },
        {
          "navigationText":"nav text 2",
          "turnIcon":{
            "value":"image.png",
            "imageType":"STATIC"
          }
        }
      ]
    }
  },
  "response":{
    "name":"UpdateTurnListResponse",
    "correlationID":193
  }
}